Name, URL
Abstract, https://angel.co/abstract/jobs
Accenture, https://www.accenture.com/us-en/careers
Accredible, https://www.accredible.com/careers
Acko, https://acko.com
Acumen, http://www.acumenci.com/joinourteam
Ad Hoc, https://adhoc.team
Adaface, https://www.adaface.com
AdCellerant, https://adcellerant.com/career
Addstones, https://www.addstones.com
Adeva, https://adevait.com
AdEx Network, https://www.adex.network
AdHawk, https://tryadhawk.com/jobs
Admiral, https://getadmiral.com
Adnymics, https://adnymics.com
Adthena, http://adthena.com
AdWyze, https://angel.co/adwyze/jobs
AeroFS, https://www.aerofs.com/company/careers
Affinity, https://www.affinity.co/company/careers
Ageno, https://ageno.pl
AgileMD, https://angel.co/agilemd/jobs
Agoda, https://careersatagoda.com/departments/technology
AImotive, https://aimotive.com/career/
Airbrake, https://airbrake.io
Airtable, https://airtable.com/careers
Aiwip, http://aiwip.com
Albert, https://jobs.lever.co/meetalbert/
Algolia, https://www.algolia.com/careers
all about apps GmbH, https://www.allaboutapps.at/jobs
Allegro, https://allegro.pl/praca
Alluvium, https://alluvium.io
Alluxi, https://www.alluxi.mx
Almabase, https://www.almabase.com/careers#believe
AlphaSights, https://engineering.alphasights.com
AMAGI, https://amagi.io
Amino Payments, https://angel.co/company/amino-payments/jobs/
Analytical Flavor Systems, https://gastrograph.com
Angaza, https://www.angaza.com/careers/
Animech, https://animech.com/join-us
Anyfin, https://career.anyfin.com
Apollo Agriculture, https://apolloagriculture.com
Applied, https://www.beapplied.com
Arachnys, https://angel.co/arachnys/jobs/220465-software-engineer
Aragon One, https://aragon.one/#jobs
Artemis, http://artemisag.com
Articulate, https://articulate.com/company/careers
Artsy, https://www.artsy.net/jobs#engineering
ASI Data Science, https://www.asidatascience.com/careers
ASOS, https://jobs.asos.com/epostings/index.cfm?fuseaction=app.jobsearch&company_id=30071&version=1&byBusinessUnit=5
Ataccama, https://jobs.ataccama.com
aTech Media, https://atech.media
Atlan, https://atlan.com
Aura Frames, https://auraframes.com/jobs?gh_src=2ef5cfa32
Aurora Solar, https://www.aurorasolar.com/careers
Auth0, https://auth0.com/blog/how-we-hire-engineers
Auto1, https://www.auto1-group.com/jobs
Automattic, https://automattic.com/work-with-us
AutoScout24, https://github.com/AutoScout24/hiring
Avant, https://avant.com/jobs
Avarteq GmbH, https://www.avarteq.com/career
Avocarrot, https://www.avocarrot.com/company
Axelerant, https://www.axelerant.com/careers
Axiacore, https://axiacore.com
Axios, https://www.axios.com/about#jobs
B12, https://boards.greenhouse.io/b12#.WMlLfRIrJTa
B2W Digital, http://somos.b2wdigital.com/bit
Babylon Health iOS Team, https://github.com/Babylonpartners/iOS-Interview-Demo
Backbase, https://workatbackbase.com
Backbone, https://angel.co/backbone-plm/jobs
Badi, https://jobs.badi.com
Badoo, https://team.badoo.com/jobs
BAE Systems Applied Intelligence, https://career012.successfactors.eu/sfcareer/jobreqcareer?jobId=46145&company=BAE
Bakken & Bæck, https://bakkenbaeck.com/jobs
Balabit, https://career.balabit.com
Barracuda View Team, https://www.barracuda.com/company/careers
Basecamp, https://basecamp.com/about/jobs
Bcredi, https://bcredi.gupy.io
Beam Dental, https://beam.dental/jobs
Belka, http://belka.us/lavora-con-no
Bemind Interactive, https://bemind.recruitee.com
Bendyworks, https://bendyworks.com/careers
Betterment, https://www.betterment.com/careers
BetterPT, https://www.betterpt.com
Big Nerd Ranch, https://www.bignerdranch.com/about-us/careers
BigaBid, https://www.bigabid.com/careers
BigBinary, https://www.bigbinary.com/jobs
BioConnect, https://www.bioconnect.com/company/careers
bitExpert AG, https://www.bitexpert.de/karriere
Bits of Love, https://www.bitsoflove.be/careers
Blackdot Solutions, http://blackdotsolutions.com
Bleacher Report, http://bleacherreport.com
Blendle, https://blendle.homerun.co/?lang=en
blogfoster, https://github.com/blogfoster/join-the-engineering-team
Blue Bottle Coffee, https://www.bluebottlecoffee.com/careers
Bluesoft, http://www.bluesoft.com.br
Bocoup, https://bocoup.com/careers
BookingSync, https://www.bookingsync.com/en/jobs
BoomTown, http://boomtownroi.com
Botika, https://botika.ai
Bouvet, http://www.bouvet.no
brainn.co, https://brainn.co
BrainStation-23, http://brainstation-23.com
Breather, https://breather.com/jobs
BrightBytes, http://www.brightbytes.net/careers
BrightHR, https://www.brighthr.com/careers
brightwheel, https://angel.co/brightwheel/jobs
Broad Institute's Data Sciences Platform, https://www.broadinstitute.org/data-sciences-platform
Bubblin Superbooks, https://www.bubbl.in/about
Buffer, https://buffer.com/journey
Bugcrowd, https://www.bugcrowd.com/about/careers/
Buhler Group, http://www.buhlergroup.com
Buildkite, https://buildkite.com/home
Bulb, https://www.bulb.co.uk
Busbud, https://www.busbud.com/en/careers
Bustle, https://www.bustle.com/labs
busuu, https://www.busuu.com/jobs
ButterCMS, https://buttercms.com
ByBox, https://www.bybox.com/company/careers/
BYU OIT, https://byu.edu
CACI Rome, http://careers.caci.com/ListJobs/All/Search/location/rome/state/ny/country/us
Cake Solutions, http://www.cakesolutions.net/careers
Canonical, https://boards.greenhouse.io/canonical
Capgemini UK Java Team, https://www.uk.capgemini.com
CapitalOne, https://jobs.capitalone.co.uk
Caravelo, http://www.caravelo.com/softdev
Cartegraph, http://www.cartegraph.com/company/careers/
CARTO, http://www.carto.com/careers/
Casetext, https://casetext.com/jobs
CASHLINK, https://cashlink.de
Causeway, http://www.causeway.com/content/opportunity
Centroida, https://centroida.co/contact.html
Chain.Reaction, http://chainreaction.io
Chama The App, https://chamatheapp.bamboohr.com/jobs/
Chargify, https://chargify.com/jobs
Checkout 51, https://checkout51.com/jobs
Cheerful, https://www.cheerfulgiving.com
Chef, https://www.chef.io/careers
Chesapeake Technology, http://ctic-inc.com/careers/
CircleCI, https://circleci.com
City of Boston's Analytics Team, https://boston.gov/analytics
City of Philadelphia's Office of Open Data & Digital Transformation, https://beta.phila.gov/departments/office-of-open-data-and-digital-transformation/jobs
Civis Analytics, https://www.civisanalytics.com/careers
CJ Affiliate, http://jobs.cj.com/jobs/category/engineering/
Clara Lending, https://clara.com/careers
Clerkie, https://angel.co/clerkie/jobs
ClickMagick, https://www.clickmagick.com
Clippings, https://clippings.com
Clockwork Consulting, https://www.cwconsult.dk
Cloudistics, https://www.cloudistics.com/careers
Clubhouse, https://www.clubhouse.io/hiring
Code Orange, https://code-orange.nl
Cogent Labs, https://www.cogent.co.jp
Cognitect, Inc., https://www.cognitect.com/jobs
Cognitran, http://www.cognitran.com/employment-opportunities
Collabora, https://www.collabora.com/careers.html
Colonist, https://colonist.io/contribute.html
combyne, https://combyne.com
COMPEON, https://www.compeon.de/karriere
Concordia Publishing House, http://about.cph.org/careers.html
Condé Nast International, https://condenastinternational.com
Contactlab, http://contactlab.com/en/careers
Container Solutions, https://container-solutions.com
Contentful, https://www.contentful.com/careers
ContentSquare, https://www.contentsquare.com/careers
Convious, https://www.convious.com
Cookpad, https://cookpad.com/us
Coorp Academy, https://www.coorpacademy.com
CoverHound, Inc., https://www.coverhound.com
COYO, https://www.coyoapp.com
Credit Kudos, https://creditkudos.com/jobs
CrossBrowserTesting, https://crossbrowsertesting.com
CrowdStrike, https://crowdstrike.wd5.myworkdayjobs.com/crowdstrikecareers
Crownstone, https://crownstone.rocks/jobs
cube19, https://www.cube19.com/work-with-us/
Cultivate, https://cultivatehq.com
Culture Foundry, https://www.culturefoundry.com
CurrencyTransfer, https://www.currencytransfer.com
Dark Sky, https://darksky.net/jobs
Data Theorem, http://www.datatheorem.com
DataChef, https://DataChef.co
DataFleets, https://www.datafleets.com/team
Datalogue, https://datalogue.github.io/recruiting
DataMade, https://datamade.us
Datascope, https://datascopeanalytics.com/careers/
Datlinq, http://www.datlinq.com/en/vacancies
DealTap, https://dealtap.ca
Def Method, https://www.defmethod.com
Deliveroo, https://deliveroo.co.uk/careers
Dentolo, https://angel.co/dentolo
Deskbookers, https://www.deskbookers.com/en-gb/jobs
DeSmart, https://www.desmart.com
Despark, https://despark.com
Detroit Labs, https://www.detroitlabs.com/careers
DEV, https://jobs.dev.to
Development Seed, https://developmentseed.org/careers/jobs/
Devfolio, https://devfolio.co
DevsData, https://devsdata.com
DG-i, https://www.dg-i.net
DICE, http://www.dice.se
Digitally Imported, http://www.di.fm/jobs
Dixa, https://dixa.com/careers
Doctolib, https://about.doctolib.fr/jobs
Doist, https://doist.com
Dollar Shave Club, https://www.dollarshaveclub.com
door2door, http://door2door.io
DoorDash :runner::dash:, https://doordash.com/careers
Draft Fantasy, https://docs.google.com/document/d/1fC_-liTPpYQOoE_5iKj0O3AwSdPggQGnOsjUKahfbkQ/edit?usp=sharing
Draftbit, https://draftbit.com
Drawbotics, https://www.drawbotics.com/en/join-us
drchrono, https://www.drchrono.com/careers
Drivy, https://www.drivy.com
Drizly, https://www.drizly.com
DroneDeploy, https://www.dronedeploy.com/careers.html
DroneSeed, https://www.droneseed.co/jobs/
dubizzle, http://blog.dubizzle.com/uae/job-vacancies
DuckDuckGo, https://duckduckgo.com/hiring
E-accent, https://www.e-accent.com
Easy Taxi, http://easytaxi.com.br
Eaze, https://eaze.com/careers
eBay Kleinanzeigen, https://careers.ebayinc.com/join-our-team/start-your-search/find-jobs-by-location/detail/germany
Ecaresoft, https://careers.ecaresoft.com
Echobind, https://echobind.com/culture
Edenspiekermann, https://jobs.edenspiekermann.com
EF Education First, https://careers.ef.com
Eidu, http://eidu.com
El Niño, https://www.elnino.tech
El Passion, http://www.elpassion.com
Electric Pulp, https://www.electricpulp.com
Elements Interactive, https://www.elements.nl/careers
Ellucian, https://www.ellucian.com/About-Us/Careers/
elmah.io, https://elmah.io
Elvie, https://www.elvie.com
eMarketer, https://goo.gl/N7SMKl
Emarsys, https://www.emarsys.com
Endava, http://www.endava.com/en/Careers
Engel & Völkers Technology, https://www.engelvoelkers.com/en/tech/
Enhancv, https://enhancv.com/about.html
Enigma, https://www.enigma.com
Enki, https://enki.com
Ento.com, https://ento.com/blog/ento-interview-process-101
Equal Experts, https://www.equalexperts.com
Ericsson, https://www.ericsson.com
eShares, Inc, https://esharesinc.com/jobs
Espeo Software, https://espeo.eu/career
Etermax, https://etermax.com/en/careers/
Etix Everywhere, https://www.etixeverywhere.com/en/job-offers
EURA NOVA, https://euranova.eu
Euro Payment Group, http://www.europaymentgroup.com
Exoscale, https://exoscale.ch
Extend, https://www.extend.com/careers
F(x), https://fdex.com.br
Facebook (Front End Engineer), https://www.facebook.com/careers/jobs
Facile.it, https://jobs.facile.it
Fairwinds, https://fairwinds.com/careers
Falcon.io, https://www.falcon.io/jobs/
FastBill, https://www.fastbill.com/jobs
FATMAP, https://www.fatmap.com
Fauna, https://fauna.com
Feather, https://feather-cfm.com
Findy, https://blog.findy.us/findy-saiyo
FINE, https://www.wearefine.com/careers
Firemind, https://www.firemind.io
Fitbot, https://thefitbot.com/careers.html
Flatfox, https://flatfox.ch
FloorForce, https://jobs.lever.co/adhawk?location=Sarasota%20Florida
Flowdash, https://flowdash.com/careers
Fluidly, https://fluidly.com
Fold, https://fold.money
Food52, https://food52.com/jobs
Fooji, https://fooji.com
Formidable Labs, https://www.formidable.com/careers
Fortumo, https://fortumo.com/careers
Founders, https://founders.as/joinus
Foundry Interactive, http://www.foundryinteractive.com/contact
fournova, https://www.fournova.com/jobs
FreeAgent, https://www.freeagent.com/company/careers
Freeletics, https://www.freeletics.com/en/corporate/jobs
Freetrade, https://www.freetrade.io/careers
FRIDAY, https://friday-jobs.personio.de
Frontside, https://frontside.io/careers
Full Facing, https://www.fullfacing.com/vacancies
Funda, https://www.funda.nl/vacatures
FundApps, https://www.fundapps.co/about-us/join-our-team
Gamevy, https://www.gamevycareers.com
Garmin, https://careers.garmin.com
Garner, https://www.garnercorp.com
Gasket Games, https://www.gasketgames.com/work-with-us
GatherContent, https://gathercontent.com/about-us
Gemini, https://gemini.com/careers
GenUI, https://www.genui.com
Ghost Inspector, https://ghostinspector.com/jobs
Ginetta, http://jobs.ginetta.net
GitHub, https://github.com/about/careers
GitLab, https://about.gitlab.com/jobs/apply/
GitPrime, https://www.gitprime.com
Glints, https://glints.com/sg/inside/careers/
GoCardless, https://gocardless.com/about/jobs
GoDaddy, https://www.godaddy.com/careers/overview
GoJek, https://www.gojek.io
Gower Street Analytics, http://gower.st
Graffino, https://www.graffino.com
Grafton Studio, https://graftonstudio.com
Gram Games, http://gram.gs
Gramercy Tech, http://www.gramercytech.com
grandcentrix, https://www.grandcentrix.net/jobs
Grape, https://www.chatgrape.com/jobs/
Graphcool, https://www.graph.cool
Graphicacy, http://www.graphicacy.com
Graphistry, https://www.graphistry.com
Grok Interactive, https://www.grok-interactive.com
Gruntwork, http://www.gruntwork.io
GTM Sportswear, https://gtmsportswear.com/careers
Hacktiv8, https://hacktiv8.com
Happy Team, https://happyteam.io
Happypie, http://www.happypie.com
Hash, https://www.hash.com.br/index.html
Hashrocket, https://hashrocket.com
Headspring, https://headspring.com/about/careers
Healthify, https://healthify.us
HeavenHR, https://heavenhr.com
HE:labs, https://helabs.com
HelloFresh, https://www.hellofresh.com/jobs
Heptio, https://www.heptio.com/jobs
Heroku, https://heroku.com/careers
Hill Holliday, http://www.hhcc.com/careers
Hireology, http://www.hireology.com/careers
Hiventive, https://www.hiventive.com
HolidayPirates, https://holidaypirates.group/en/jobs
HoloBuilder, https://www.holobuilder.com
Home Chef, https://www.homechef.com/careers
HomeLight, https://www.homelight.com/engineering
Housemarque, https://housemarque.com
HoxHunt, https://jobs.hoxhunt.com
Human API, http://humanapi.co/company/careers
I, 
Icalia Labs, http://icalialabs.com
iConstituent, http://iconstituent.com/careers/
Ideamotive, https://ideamotive.co
IDEO, https://www.ideo.com/jobs
ImmobilienScout24, https://boards.greenhouse.io/scout24
Impraise, http://jobs.impraise.com
Incloud, https://jobs.incloud.de
Indellient, http://www.indellient.com/careers
InfluxData, https://www.influxdata.com/careers
InfoSum, https://www.infosum.com
inKind Capital, https://inkindcapital.com
Inmar, https://www.inmar.com/careers
Innoplexus, https://jobs.innoplexus.com
Instacart, https://careers.instacart.com
InstantPost, https://internshala.com/internships/internship-at-InstantPost
Integral., https://www.integral.io
Intelipost, https://www.intelipost.com.br
Interset, https://interset.com/careers
IT Experts, https://itexperts.be
itdesign, https://itdesign.de/karriere/
Ithaka, https://www.ithaka.travel
iTrellis, http://itrellis.com
iZettle, https://jobs.izettle.com/jobs
Jamasoftware, http://www.jamasoftware.com
Jamit Labs, https://jamitlabs.com/jobs
Jetstack, https://www.jetstack.io/careers
Jiminny, https://www.jiminny.com
Jitbit, https://www.jitbit.com
Jobtome, https://weare.jobtome.com/careers
Journal Tech, https://journaltech.com/jobs
Journalism++, http://www.jplusplus.org
JustWatch, https://www.justwatch.com/us/talent
K Health, https://www.khealth.ai
Kahoot!, https://www.getkahoot.com/jobs
Kata.ai, https://kata.ai
Kayako, https://www.kayako.com
Kentik, https://www.kentik.com/careers
Keymetrics, https://keymetrics.io
Kiến Guru, https://www.kienguru.vn
Kindred Group, Native Apps Team, https://careers.kindredplc.com
Kinnek, https://www.kinnek.com/jointeam
Kiwi.com, https://code.kiwi.com
KNPLabs, https://knplabs.com
Kong, https://www.konghq.com/careers
Kongregate, http://www.kongregate.com/jobs
Korbit, https://www.korbit.co.kr/about/jobs
Lab.Coop, http://lab.coop
Lab49, https://www.lab49.com/careers/
Landing.jobs, https://landing.jobs/at/landing-jobs
Lanetix, http://engineering.lanetix.com
Launch Academy, https://launchacademy.com/careers
LaunchDarkly, https://launchdarkly.com/careers
Leapsome, https://leapsome.com
Learningbank, https://learningbank.dk
Legalstart.fr, https://www.legalstart.fr
Leverton, https://www.leverton.ai
Liberty Mutual, https://www.libertymutualgroup.com/careers
Librato, https://www.librato.com/jobs
Lightning Jar, http://lightningjar.agency
Lightricks, http://www.lightricks.com
LinkResearchTools, http://jobs.linkresearchtools.com/job-offers
Listium, https://listium.com/jobs
Litmus, https://litmus.com/careers#openings
LittleThings, https://www.littlethings.com/careers.html
LoanZen, https://loanzen.in/team.html#Career
Lob, https://lob.com/careers
Locastic, https://www.locastic.com/posao
Locaweb, https://www.locaweb.com.br/carreira
LOGIBALL GmbH, https://logiball.de/en/jobs/
Logic Soft, https://logicsoft.co.in
LonRes, https://www.lonres.com/public/working-us
LookBookHQ, http://www.lookbookhq.com/about/careers
Loom, https://www.useloom.com/careers
Lovion GmbH, https://jobs.lovion.de
Luna, https://oiluna.com
Lydia, https://lydia-app.com/en/company/jobs
Lykon, https://lykon.de
Lyoness Austria GmbH, http://www.lyoness-corporate.com/de-AT/Karriere/Jobangebote
Made Tech, https://www.madetech.com/careers
Magnetis, https://magnetis.workable.com
Major League Soccer, https://careers-mlssoccer.icims.com/jobs/search?ss=1&searchCategory=20285
MakeMusic, http://www.makemusic.com/careers/
MakeTime, https://maketime.workable.com
Mango Solutions, http://www.mango-solutions.com/wp/about-mango/team
Mapbox, https://www.mapbox.com/jobs
Mattermost, https://mattermost.com/careers/
Mavenlink, https://www.mavenlink.com/careers
Maxwell Health, https://www.maxwellhealth.com/careers
Me & Company, https://me-company.de/jobs/
Media Pop, https://mediapop.co
Meetrics, https://www.meetrics.com
Meltwater, http://underthehood.meltwater.com/jobs
Mention, https://mention.workable.com
Mercado Livre, https://jobs.mercadolibre.com
Mercatus, https://www.mercatus.com/company/careers
Metro Markets, https://www.metro-markets.de/careers/
mfind, https://www.mfind.pl/dolacz-do-nas/
miDrive, https://midrive.com/careers
milch & zucker, https://www.milchundzucker.de
Minute Media, http://www.minutemedia.com/careers/
Mirumee, https://mirumee.com/jobs
Mixmax, https://mixmax.com/careers
MobileCashout, https://www.mobilecashout.com
Mobilethinking, https://mobilethinking.ch
Mode, https://about.modeanalytics.com/careers
MokaHR, http://mokahr.com
Moneytree Front-end Web Team, https://moneytree.jp
Monzo, https://monzo.com
Moteefe, https://www.moteefe.com/jobs
Mutual Mobile, https://mutualmobile.com/careers
Mutual of Omaha, http://www.mutualofomaha.com/careers
Mutually Human Software, https://www.mutuallyhuman.com
Mux, https://mux.com/jobs/
My Taxi, https://mytaxi.com
MyHeritage, https://www.myheritage.com
MyTutor, https://apply.workable.com/mytutor/
Nanobox, https://nanobox.io
Native Instruments, https://www.native-instruments.com
Nearsoft Inc, https://nearsoft.com/join-us/
Nedap, http://lifeatnedap.com/vacatures
Neoteric, https://neoteric.eu/career/
NerdWallet, https://www.nerdwallet.com/careers
Netflix, https://jobs.netflix.com/jobs/867042
Netguru, https://www.netguru.co/career
Netlandish, https://www.netlandish.com
Netlify, https://www.netlify.com/careers
New Relic, https://newrelic.com/about/careers
NewStore, https://www.newstore.com/careers/
NewVoiceMedia, https://www.newvoicemedia.com/about-newvoicemedia/careers
Nexapp, https://nexapp.ca/career/
Nexcess.net, https://nexcess.net
Nimble, https://nimblehq.co
Ninjaneers, https://www.ninjaneers.de
Niteoweb, http://www.niteoweb.com/careers
Nitro, https://www.gonitro.com/about/jobs
Nmbrs, https://jobs.nmbrs.com
Noa, https://www.noa.one
NodeSource, http://nodesource.com/careers
Nomoko,camera, https://www.nomoko.world/jobs
Norbsoft, https://www.norbsoft.com/careers
Nord Software, https://www.nordsoftware.com/en/jobs
NoRedInk, https://www.noredink.com/jobs
Nova Credit, https://www.novacredit.com/careers
NoviCap, https://novicap.com/en/careers.html
Novoda, https://novoda.com/joinus
Novus Partners, https://www.novus.com/jobs
Nozbe, https://nozbe.com/careers
npm, Inc, https://npmjs.com/jobs
Nubank, https://nubank.workable.com
numberly, https://www.numberly.com
numer.ai, https://angel.co/numerai/jobs
Nutshell, https://www.nutshell.com/jobs
Nyon, https://www.nyon.nl/jobs
O'Reilly Media, https://oreilly.com/jobs
Object Partners, Inc., https://objectpartners.com/careers/
Objective, Inc., https://www.objectiveinc.com/careers
OCTO Technology, http://rejoins.octo.com
Octopus Energy, https://octopus.energy/careers/
Olist, https://olist.com
Omada Health, https://www.omadahealth.com/jobs
OneMain Financial, https://jobs.onemainfinancial.com
OneSignal, https://onesignal.com/careers
Onfido, https://onfido.com/jobs
Ontame.io, https://ontame.io
Opbeat, https://opbeat.com/jobs#seniorbackendengineer
Openmind, https://www.openmindonline.it
Optoro, http://www.optoro.com/open_position_item/?oid=134960
Ori, http://ori.co)
Ostmodern, http://www.ostmodern.co.uk
Outbrain, https://careers.outbrain.com/?F1C=Netanya&F2C=&FTXT=
Outlandish, https://outlandish.com
Outlook iOS & Android, https://github.com/outlook/jobs
The Nerdery, https://www.nerdery.com/careers
The Outline, https://boards.greenhouse.io/theoutline
PACE Telematics, https://www.pace.car/jobs
Paessler AG, https://www.paessler.com/company/career/jobs
Pagar.me, https://pagar.me
Pager, https://pager.com
PagerDuty, https://pagerduty.com/careers
Palatinate Tech, https://tech.palatinategroup.com
Parabol, http://parabol.co
Pariveda Solutions, http://parivedasolutions.com
PassFort, https://passfort.com/about#jobs
Passiv, https://passiv.com
Paws, https://paws.com/careers
Paybase, https://paybase.io
PayByPhone, https://www.paybyphone.com/careers
Peaksware Companies (TrainingPeaks, TrainHeroic, MakeMusic), https://peaksware.com
PeerStreet, https://info.peerstreet.com/careers
Pento, https://angel.co/pento/jobs
Permutive, https://permutive.com/careers/
Persgroep, de, https://www.persgroep.nl/werken-bij-it
Persona, https://www.withpersona.com/about
Pex, https://angel.co/pexeso/jobs
Phoodster, https://www.phoodster.com
Pillar Technology, http://pillartechnology.com/careers
Pilot, https://pilot.co/become-a-partner
PingCAP, https://pingcap.com
Pivotal, https://pivotal.io/careers
Pixium Digital, https://pixiumdigital.com
Platform.sh, https://platform.sh
Platform45, https://platform45.com
Playlyfe, https://getcatalyst.in/careers
Pluralsight, https://www.pluralsight.com/careers
Pointman, http://pointman.bamboohr.com/jobs/
Poki, http://jobs.poki.com
Polar, http://polar.me/company/careers
Popstand, http://www.popstand.com
Popular Pays, http://www.popularpays.com
Pragmateam, https://pragma.team/talent
PremiumBeat, https://www.premiumbeat.com/careers
Primary, https://www.primary.com/jobs
PromptWorks, https://www.promptworks.com/jobs
Proxy, https://www.proxy.com
Pusher, https://pusher.com/jobs
Pygmalios, http://pygmalios.com/en
Quiet Light Communications, https://quietlightcom.com/positions-web.php
Quintype, http://www.workatquintype.com
Quizizz, https://quizizz.com
Ragnarson, https://ragnarson.com
Railslove, https://www.railslove.com
Raising IT, https://www.raisingit.com
Rapyuta Robotics, http://www.rapyuta-robotics.com/pages/jobs.html
Rayfeed, https://rayfeed.com
Razorpay, https://razorpay.com/jobs
Reaktor, https://reaktor.com/careers
Real HQ, https://realhq.com/jobs
Realync, https://realync.com/careers
Red Badger, https://red-badger.com/about-us/join-us
Red Balloon Security, https://redballoonsecurity.com
RedCarpet, https://www.redcarpetup.com/jobs
Reflektive, https://www.reflektive.com/careers/
Relabe, https://relabe.com
Rentify, https://www.rentify.com/jobs
RentoMojo, https://www.rentomojo.com/about/careers
Repl.it, https://repl.it/site/jobs
Resin.io, https://resin.io
ReSpark, https://www.respark.co.uk
RestaurantOps, https://www.restaurantops.co
Retail Pulse, https://retailpulse.ai
Rever, https://reverscore.com
Revlv, https://revlv.net
Revolut, https://www.revolut.com
Rex Software, https://www.rexsoftware.com/careers
Rizk.com, https://rizk.com
Rockode, http://www.rockode.com
Rose Digital, http://rosedigital.co
RStudio, https://www.rstudio.com
Ruangguru, https://career.ruangguru.com
RubyGarage, https://rubygarage.org
Runtastic, https://www.runtastic.com
RVU, https://www.rvu.co.uk/careers
SafeButler, https://www.safebutler.com
Sahaj Software Solutions, https://www.sahajsoft.com
SaleCycle, https://www.salecycle.com/careers
Salesfive, https://www.salesfive.com/jobs
Salesforce.org Tech & Products, http://www.salesforce.org
Salesloft, https://salesloft.com
Samsara, https://www.samsara.com/jobs
SC5 Online, https://sc5.io/careers
Scapic, https://scapic.com/careers/
Schibsted Tech Polska, https://www.schibsted.pl
Segment, https://segment.com
SEITENBAU, https://www.seitenbau.com/karriere/aktuelle-jobangebote
Sendyne, http://www.sendyne.com
Sensor Tower, https://sensortower.com/jobs
Sensu, https://sensu.io
Séntisis, http://sentisis.com/trabaja-con-nosotros
SerpApi, https://serpapi.com
Sertis, https://sertiscorp.com
Setapp Sp. z o.o., https://setapp.pl/career
Sharoo, https://www.sharoo.com/jobs/
Shogun, https://getshogun.com
Showmax, https://blog.showmax.com/engineering-careers
ShuttleCloud, https://shuttlecloud.com/jobs
Signal AI, https://www.signal-ai.com/about-us/careers
Simple, https://www.simple.com
Simpli.fi, https://www.simpli.fi/about-us/careers
SimpliField, http://www.welcometothejungle.co/companies/simplifield/jobs
Simply Business, https://www.simplybusiness.co.uk/about-us/careers/tech
Sixt, https://www.sixt.jobs/en
Skylight Digital, https://skylight.digital/join/
Skyrise Pro, https://www.skyrisepro.com
Slack, https://slack.com/jobs
Small Improvements, https://www.small-improvements.com/careers
Smartly.io, https://www.smartly.io/developer
Smile.io, https://smile.io/careers
Snyk, https://snyk.io/jobs
Social Tables, http://www.socialtables.com
Softwear, https://softwear.nl/vacatures
Sogilis, http://sogilis.com
Sourcegraph, https://about.sourcegraph.com/jobs
Splice, https://jobs.splice.com
Spreedly, https://www.spreedly.com/jobs
Springer Nature (Asia), https://www.natureasia.com
Springer Nature Digital, https://sndigital.springernature.com
SpronQ, https://www.spronq.nl
Square, https://squareup.com/careers
Square Sense, https://square-sense.com
Srijan Technologies, http://srijan.net
Stardog Union, http://stardog.com
StartDee, http://startdee.com
Statflo, http://statflo.com
store2be, https://www.store2be.com/de/jobs/tech
Storm, https://www.stormx.io/about#jobs
Storytel, https://jobs.storytel.com/departments/tech
Stripe, https://stripe.com
Structura Biotechnology, https://structura.bio
STYLABS, http://www.stylabs.in
Subvertical (VerticalChange), https://verticalchange.com/job_posts
Sulvo, https://sulvo.com/careers
Summitto, https://careers.summitto.com
SuperAwesome, https://www.superawesome.com
Superplayer, https://superplayer.fm
SurveySparrow, https://surveysparrow.com/careers
SVTi (Sveriges Television), http://svti.svt.se
SweetIQ, https://sweetiq.com/about/careers
Swiftly Systems, https://useswiftly.com/jobs
Symphony Commerce, https://www.symphonycommerce.com/careers
Symplicity, https://www.symplicity.com/about/join-us
SysGarage, http://sysgarage.com
TableCheck, https://www.tablecheck.com/en/company/jobs/
Tailor Brands, https://tailorbrands.com/jobs
tails.com, https://tails.com/careers
takeaway.com, https://careers.takeaway.com
Tandem, https://www.madeintandem.com
Tanooki Labs, http://tanookilabs.com
Tara AI, https://tara.ai/about/careers
Tattoodo, https://www.tattoodo.com
Taxdoo, https://www.taxdoo.com/#/jobs/
Ten Thousand Coffees, https://tenthousandcoffees.com
Teraki, https://www.teraki.com
Tes, https://engineering.tes.com/recruitment/
Tesco PLC, https://www.tesco.com
Test Double, https://testdouble.com/join/developer
Textio, https://textio.com/careers/?utm_source=github&utm_medium=forum&utm_campaign=textio-careers-engineering&utm_content=poteto-hiring-without-whiteboards
The Book of Everyone, https://thebookofeveryone.workable.com
The Zebra, https://www.thezebra.com/about/careers/
theScore, http://mobile.thescore.com/careers
Thinkmill, https://www.thinkmill.com.au
Thinslices, http://www.thinslices.com
thoughtbot, https://thoughtbot.com/jobs
ThoughtWorks, https://www.thoughtworks.com/careers
ThoughtWorks Singapore, https://www.thoughtworks.com/careers/singapore
Thread, https://www.thread.com/jobs
ThreatSpike Labs, https://www.threatspike.com
Tilde, http://www.tilde.io
Timbuktu, https://www.timbuktutravel.com
Tipalti, https://tipalti.com
Titanium, https://titanium.codes
Toggl, https://toggl.com/jobs
Tooploox, https://www.tooploox.com/careers
Toowoxx, https://toowoxx.de/index.php/karriere/
Tophatter, https://tophatter.com/careers
Torii, https://jobs.jointorii.co
Toucan Toco, http://toucantoco.com/fr/team#jobs
Touché, https://gotouche.com
TrademarkVision, https://trademark.vision
TrainHeroic, http://trainheroic.com/careers/
TrainingPeaks, http://www.trainingpeaks.com/careers.html
Transparent Classroom, https://www.transparentclassroom.com
TripStack, http://www.tripstack.com/company/careers/
Trivago, https://www.trivago.com
Trōv, https://boards.greenhouse.io/trov
Truefit, https://truefit.io/about/
Truora, https://truora.com 
Truss, https://truss.works/jobs
TuneIn, https://www.tunein.com
Twistlock, https://www.twistlock.com
Typito, https://typito.com/go
uberall, https://uberall.com/en/careers
uBiome, https://ubiome.com/careers
Ubots, http://ubots.com.br
Unbounce, https://unbounce.com
Unboxed, https://unboxed.co
Unearth, http://www.unearthlabs.com/careers
Unito, https://unito.io/careers/
Untappd, https://www.untappd.com
Updater, http://www.updater.com/jobs/openings
Uprise, http://uprise.se
Upstatement, https://www.upstatement.com/jobs/
Urban Massage, https://www.urbanmassage.com/jobs
UserTesting, https://www.usertesting.com/about-us/jobs
Valassis Digital, http://www.valassis.com/digital-advertising
Valuemotive, https://valuemotive.com/en/career
Varsity Tutors, https://www.varsitytutors.com
Vayu Technology, http://vayu.com.au
Vena Solutions, https://careers.venasolutions.com
Venminder, Inc., https://www.venminder.com
Verloop, https://verloop.io
Vernacular.ai, https://vernacular.ai
Verve, https://verve.co/careers
Veterans United Home Loans, https://www.veteransunited.com/careers/
Vingle, https://careers.vingle.net
Vinta Software, https://www.vinta.com.br/careers/
virtual7, http://virtual7.de/de/karriere
Visma e-conomic, https://www.e-conomic.dk/om/job
Voltra Co., https://voltra.co
VSX, https://https://vsx.net/jobs
VTEX, http://lab.vtex.com/careers
VTS, https://buildingvts.com
Waymark, https://waymark.com/jobs
Wealthsimple, https://www.wealthsimple.com/work-with-us
WeAreHive, http://www.wearehive.co.uk
Webantic, https://webantic.co.uk/careers
Webflow, https://webflow.com
Weebly, http://careers.weebly.com
Weedmaps, https://weedmaps.com/careers
wemake.services, https://wemake.services
Wend, https://www.wend.nl
Weploy, https://www.weployapp.com/join-our-team/
WeTransfer, https://wetransfer.homerun.co
Wheely, https://wheely.com/en/careers
Wilbur Labs, https://www.wilburlabs.com
Wildbit, https://wildbit.com
Windy.com, https://windy.com
Wirecard Brasil, https://wirecardbrasil.workable.com
WorldGaming, https://worldgaming.com
woumedia, https://woumedia.com
WyeWorks, https://wyeworks.com
X-Team, http://x-team.com
XING, https://www.xing.com
Xplor, https://ourxplor.com
1000mercis group, http://www.1000mercis.com/#!/careers/?lang=en
18F, https://18f.gsa.gov/join/
21st Real Estate, https://21re.de
3D Hubs, https://3dhubs.com/jobs
47 Degrees, https://47-degrees.breezy.hr
4Degrees, https://4degrees.ai/about/
500friends, http://500friends.com/who-we-are/careers
500Tech, https://500Tech.com
8th Light, https://8thlight.com
Yhat, https://www.yhat.com/jobs
YLD, https://jobs.lever.co/yld
Yodas, https://yodas.com
YouGov, https://yougov.com
Yoyo Wallet, http://yoyowallet.com
YunoJuno, http://www.yunojuno.com
ZAP Group, https://jobs.kenoby.com/grupozap/
Zapier, https://zapier.com/jobs/
Zencargo, https://www.zencargo.com/careers
Zenefits (UI Team), https://www.zenefits.com/careers
Zerodha, https://zerodha.com/careers
Zweitag, https://www.zweitag.de/karriere
Zype, https://boards.greenhouse.io/zype